metric_id,value
,"{'count': 21.0, 'share': 0.4883720930232558}"
,0.0
,6.599536921517014e-158
,0.36359877179197436
,0.5956932619936436
,0.17807879436772864
,0.04003208868747452
,0.994277231987229
,0.0029748570144234516
,0.49038239747797213
,0.0009958290211288358
,0.0011639069693864736
,0.5100187252544692
,0.24468164086502336
,0.05179955513213668
,0.0035172855651377033
,0.01596631447563366
,0.000976953305587285
,1.2442055781950017e-144
,0.9140111324283118
,0.5769054507966885
,0.08164693571834683
,0.10598581147247155
,0.2553259950144681
,0.09942516698399219
,0.024664496805561327
,0.029218946775518027
,0.20519066999056662
,0.01882152522837014
,6.447888079522633e-05
,0.009370291438052469
,0.4181938402407043
,0.26920502987425743
,4.385781807328731e-157
,5.131218596789823e-17
,0.9936608069179531
,0.9747198843255283
,1.0
,1.6865857845325525e-05
,0.14209223446094654
,0.8889387833199771
,3.467589392634192e-14
,0.0002982917328934632
,4.1150202558418676e-14
